time_of_trip,start_lat,start_lng,
9/4/2014 9:51,40.64705,-73.77988,
8/27/2014 21:13,40.74916,-73.98373,
9/4/2014 14:16,40.64065,-73.97594,
9/4/2014 16:08,40.75002,-73.99514,
8/28/2014 2:41,40.76715,-73.98636,
9/13/2014 3:57,40.70707,-74.01211,
9/11/2014 23:13,40.72953,-73.97799,
8/27/2014 22:56,40.76689,-73.95631,
9/10/2014 17:48,40.82332,-73.86235,
9/12/2014 23:24,40.72188,-73.99732,
8/28/2014 3:10,40.73425,-73.98748,
9/13/2014 1:48,40.74061,-74.00565,
9/13/2014 4:22,40.73214,-73.98527,
9/4/2014 23:38,40.78317,-73.94639,
9/13/2014 0:20,40.75159,-73.97036,
9/3/2014 21:25,40.75517,-73.97862,
9/4/2014 13:35,40.59042,-73.99287,
9/10/2014 19:32,40.75275,-73.98749,
8/28/2014 22:51,40.7555,-73.99346,
9/13/2014 3:31,40.72298,-74.00327,
8/28/2014 7:27,40.72018,-74.00555,
8/28/2014 4:33,40.65912,-73.96058,
8/27/2014 22:39,40.75429,-73.96515,
8/28/2014 22:22,40.76179,-73.98465,
9/13/2014 2:24,40.77114,-73.9567,
8/27/2014 20:33,40.78666,-73.97733,
8/28/2014 23:41,40.7551,-73.9777,
9/11/2014 22:34,40.7628,-73.97723,
9/11/2014 23:40,40.75781,-73.97963,
9/10/2014 15:57,40.71327,-74.00921,
8/28/2014 3:36,40.71324,-74.01298,
8/27/2014 22:13,40.75396,-73.99556,
9/12/2014 22:07,40.72812,-74.0071,
8/11/2014 5:33,40.65832,-73.80988,
8/9/2014 3:47,40.70137,-73.91876,
9/5/2014 23:02,40.71152,-74.00727,
9/11/2014 23:13,40.71736,-73.95542,
8/11/2014 0:57,40.62569,-73.95723,
8/17/2014 5:10,40.69093,-73.95164,
8/11/2014 2:08,40.65804,-73.93545,
9/20/2014 4:45,40.71924,-73.98518,
9/1/2014 1:04,40.6743,-73.94951,
8/25/2014 21:31,40.68398,-73.977,
8/12/2014 18:23,40.61427,-73.96295,
8/9/2014 22:51,40.65833,-73.90547,
8/30/2014 1:50,40.71951,-74.0042,
8/15/2014 22:43,40.59385,-73.98909,
8/11/2014 7:38,40.62479,-73.95327,
9/13/2014 1:03,40.72327,-73.98404,
8/29/2014 1:32,40.72112,-73.98737,
8/30/2014 2:46,40.75543,-73.99109,
9/28/2014 22:02,40.70334,-74.01449,
9/12/2014 4:46,40.6712,-73.96139,
9/15/2014 3:17,40.72208,-73.98634,
8/8/2014 23:44,40.65434,-73.94677,
8/15/2014 23:33,40.6481,-73.97127,
9/4/2014 1:10,40.61203,-73.9625,
9/4/2014 23:26,40.67559,-73.97462,
8/30/2014 2:12,40.71803,-73.98996,
9/14/2014 4:21,40.76414,-73.98675,
8/12/2014 2:54,40.73178,-73.99191,
8/11/2014 5:53,40.64639,-73.79014,
8/14/2014 22:22,40.63089,-73.96975,
8/25/2014 23:57,40.75848,-73.983,
8/11/2014 3:20,40.71277,-73.99266,
8/29/2014 1:59,40.68629,-73.96437,
8/12/2014 18:11,40.62556,-73.95631,
8/12/2014 7:50,40.63229,-73.9669,
9/7/2014 2:43,40.60628,-73.96367,
8/14/2014 22:54,40.65813,-73.95884,
9/12/2014 2:01,40.74817,-74.00528,
8/11/2014 1:38,40.67274,-73.95434,
8/9/2014 7:08,40.70915,-73.96067,
8/11/2014 2:30,40.66278,-73.94465,
8/12/2014 0:00,40.6756,-73.96793,
8/9/2014 6:24,40.72646,-73.99009,
9/4/2014 5:06,40.6873,-73.95447,
9/15/2014 0:53,40.72385,-74.00399,
8/29/2014 3:25,40.71753,-74.00888,
9/7/2014 6:42,40.76373,-73.9671,
9/5/2014 22:32,40.67877,-73.96922,
8/30/2014 1:08,40.63468,-73.96316,
8/25/2014 21:58,40.71917,-74.00657,
8/11/2014 2:47,40.68418,-73.96003,
9/20/2014 6:48,40.75565,-73.91866,
8/13/2014 6:46,40.62991,-73.96616,
8/12/2014 2:37,40.73933,-73.99756,
8/26/2014 1:11,40.73429,-73.98973,
9/29/2014 4:01,40.71678,-74.00201,
8/29/2014 3:07,40.60609,-73.95474,
9/27/2014 23:19,40.64627,-73.97339,
9/14/2014 1:31,40.70834,-73.95769,
8/25/2014 3:13,40.73236,-73.99012,
9/9/2014 13:06,40.64502,-73.9951,
9/13/2014 0:26,40.73509,-73.95627,
8/29/2014 21:19,40.7148,-73.95138,
9/29/2014 3:37,40.70427,-73.92783,
9/11/2014 0:38,40.68325,-73.95608,
9/28/2014 1:56,40.74594,-73.99785,
9/11/2014 13:06,40.67789,-73.99827,
8/30/2014 1:50,40.68083,-73.98146,
9/12/2014 0:41,40.67428,-73.97285,
9/16/2014 23:17,40.63192,-73.94672,
9/10/2014 14:46,40.66115,-73.9621,
8/23/2014 20:42,40.6675,-73.97917,
9/14/2014 20:50,40.59674,-73.99086,
8/29/2014 20:55,40.69979,-73.9225,
8/28/2014 0:19,40.75124,-73.98888,
9/1/2014 3:18,40.75039,-74.00476,
9/6/2014 22:57,40.6609,-73.96101,
9/7/2014 7:24,40.7318,-73.98841,
8/23/2014 3:50,40.67757,-73.96893,
8/30/2014 5:02,40.74975,-73.97784,
9/27/2014 4:34,40.7424,-73.99161,
9/11/2014 1:00,40.69192,-73.96962,
9/26/2014 14:19,40.60418,-73.99148,
8/23/2014 16:03,40.60715,-73.98149,
8/29/2014 20:21,40.71956,-73.95451,
9/28/2014 12:27,40.73479,-74.00847,
9/8/2014 3:29,40.72408,-73.9902,
8/30/2014 6:11,40.73923,-74.00986,
9/10/2014 23:57,40.63933,-73.96863,
9/13/2014 13:19,40.74529,-73.99106,
9/8/2014 2:23,40.74029,-73.98618,
9/2/2014 10:34,40.68449,-73.93539,
8/27/2014 23:57,40.71578,-73.99848,
8/24/2014 11:16,40.72424,-73.98501,
9/29/2014 4:30,40.72637,-73.98977,
8/30/2014 5:57,40.73088,-74.00285,
9/27/2014 22:45,40.61489,-73.9635,
8/23/2014 13:51,40.61013,-73.92208,
9/5/2014 15:23,40.66883,-73.99315,
8/25/2014 0:41,40.59223,-73.96071,
9/22/2014 2:37,40.72809,-73.95349,
9/11/2014 1:26,40.70716,-74.00442,
9/12/2014 0:57,40.69168,-73.95335,
8/25/2014 7:04,40.72986,-73.99959,
9/7/2014 11:47,40.765,-73.98795,
9/7/2014 7:09,40.74191,-74.00376,
8/24/2014 9:13,40.71766,-73.95768,
9/5/2014 13:17,40.63971,-73.95816,
9/29/2014 2:07,40.75785,-73.98753,
9/29/2014 0:24,40.63448,-74.02806,
9/28/2014 11:51,40.72466,-73.98191,
8/31/2014 20:50,40.76386,-73.98476,
8/23/2014 14:17,40.60934,-73.96786,
9/12/2014 23:54,40.68502,-73.98399,
9/24/2014 14:29,40.64447,-73.98828,
9/14/2014 21:26,40.7075,-74.00646,
8/22/2014 22:43,40.6177,-73.96953,
9/23/2014 13:06,40.65378,-73.95633,
8/31/2014 14:51,40.71073,-74.0147,
8/30/2014 15:19,40.68985,-73.96914,
9/25/2014 13:37,40.66593,-73.96145,
9/11/2014 13:42,40.71408,-73.95477,
9/7/2014 12:35,40.76324,-73.81379,
8/30/2014 1:00,40.68272,-73.94832,
9/1/2014 2:59,40.76389,-73.98567,
9/23/2014 14:43,40.58569,-73.93855,
9/15/2014 4:08,40.72819,-73.98472,
9/9/2014 12:29,40.5762,-73.96828,
8/30/2014 0:06,40.76525,-73.99142,
8/31/2014 13:59,40.72191,-74.00416,
9/25/2014 18:17,40.74645,-73.98164,
9/22/2014 3:16,40.71156,-73.94729,
9/5/2014 12:54,40.6094,-73.97,
8/29/2014 23:20,40.76484,-73.99193,
9/25/2014 19:27,40.71744,-73.96463,
9/10/2014 14:14,40.60466,-73.96813,
9/8/2014 0:49,40.64309,-73.97678,
8/31/2014 15:16,40.7439,-73.99948,
8/23/2014 3:32,40.64146,-73.96637,
9/13/2014 2:25,40.69058,-73.98519,
9/15/2014 2:14,40.77841,-73.95447,
8/22/2014 22:29,40.73669,-73.98569,
9/17/2014 21:35,40.7293,-73.99995,
8/22/2014 22:07,40.73804,-73.98122,
8/31/2014 0:43,40.68198,-73.99101,
9/18/2014 21:23,40.74647,-74.00319,
9/13/2014 22:10,40.7589,-73.99378,
8/21/2014 22:50,40.75009,-73.98255,
8/17/2014 22:48,40.67462,-73.9241,
9/27/2014 18:41,40.72892,-73.98479,
9/19/2014 22:25,40.70788,-73.80265,
8/16/2014 22:58,40.67534,-73.97077,
9/1/2014 2:55,40.6836,-73.97902,
9/29/2014 2:55,40.72959,-73.98091,
8/29/2014 21:28,40.73318,-73.99851,
8/23/2014 1:25,40.72226,-73.98351,
9/1/2014 22:32,40.73624,-73.99638,
8/20/2014 0:49,40.73103,-73.98272,
8/31/2014 20:17,40.76007,-73.99661,
8/31/2014 0:03,40.7082,-73.94069,
9/13/2014 19:41,40.74408,-73.97215,
8/29/2014 23:48,40.74546,-73.99091,
9/29/2014 0:20,40.73307,-73.98614,
9/1/2014 0:26,40.72784,-73.99108,
9/27/2014 4:07,40.72513,-73.99714,
9/14/2014 0:54,40.74892,-73.9725,
8/28/2014 22:00,40.73881,-73.98009,
9/13/2014 22:35,40.76021,-73.96751,
8/21/2014 22:10,40.72818,-73.99908,
9/6/2014 1:10,40.75541,-73.96812,
8/30/2014 20:26,40.7281,-73.98108,
8/24/2014 2:25,40.78101,-73.9763,
9/14/2014 23:30,40.7641,-73.95755,
8/22/2014 20:30,40.72735,-73.99366,
9/14/2014 0:05,40.77352,-73.94978,
9/13/2014 19:55,40.752,-73.97796,
9/1/2014 21:27,40.71866,-73.96326,
9/1/2014 22:01,40.73689,-73.99984,
8/31/2014 22:02,40.70718,-74.0053,
9/14/2014 21:34,40.78215,-73.95216,
8/31/2014 23:15,40.71008,-73.79475,
9/14/2014 20:58,40.72495,-73.99484,
9/6/2014 20:28,40.72506,-73.97931,
8/31/2014 2:46,40.74309,-73.97415,
8/30/2014 20:51,40.74008,-73.99573,
9/13/2014 20:16,40.72424,-73.9822,
8/19/2014 23:29,40.71758,-73.9858,
9/28/2014 1:08,40.73044,-73.98621,
9/26/2014 22:53,40.72894,-73.99541,
8/17/2014 20:14,40.71956,-73.98744,
8/30/2014 21:28,40.74754,-73.9728,
9/12/2014 23:25,40.71643,-73.98816,
8/30/2014 22:42,40.74452,-73.99871,
9/28/2014 2:15,40.72807,-73.98457,
9/19/2014 20:45,40.7089,-73.79883,
9/20/2014 20:12,40.74021,-73.99478,
9/17/2014 21:17,40.72734,-74.00316,
8/21/2014 22:29,40.75497,-73.97536,
9/1/2014 20:06,40.73681,-74.0082,
8/27/2014 22:50,40.74136,-74.00597,
8/31/2014 20:36,40.74641,-73.97563,
8/31/2014 1:15,40.76374,-73.91196,
8/30/2014 21:06,40.73555,-73.97959,
9/20/2014 17:24,40.75428,-73.94306,
9/15/2014 1:38,40.75043,-73.99129,
9/7/2014 1:27,40.72472,-73.98142,
9/13/2014 22:58,40.74839,-73.9927,
9/2/2014 0:00,40.69994,-73.98042,
9/5/2014 23:59,40.74634,-73.99198,
8/29/2014 21:53,40.74485,-73.99878,
8/21/2014 20:51,40.7333,-74.00556,
8/24/2014 0:00,40.59123,-73.97585,
9/27/2014 22:46,40.74377,-74.00605,
8/22/2014 20:43,40.74706,-73.99876,
9/1/2014 19:43,40.72255,-73.98247,
9/29/2014 2:22,40.7153,-74.00238,
9/1/2014 2:08,40.69973,-73.94177,
9/13/2014 21:52,40.75778,-73.96486,
9/13/2014 19:21,40.76142,-73.96903,
9/1/2014 21:02,40.7061,-73.93355,
8/21/2014 21:29,40.71674,-73.98633,
9/1/2014 20:24,40.73354,-73.97798,
9/6/2014 20:10,40.70677,-73.95313,
9/7/2014 0:37,40.7239,-73.93855,
9/1/2014 3:22,40.70786,-73.93236,
9/7/2014 2:36,40.59816,-73.95535,
9/6/2014 0:39,40.7692,-73.95894,
8/22/2014 18:21,40.71116,-73.79716,
8/17/2014 20:33,40.70857,-73.95946,
9/15/2014 3:43,40.72098,-73.8904,
9/15/2014 1:06,40.73428,-74.00495,
9/1/2014 3:33,40.72651,-73.94731,
9/29/2014 1:32,40.72361,-74.00958,
9/7/2014 3:18,40.63552,-74.02813,
9/1/2014 23:25,40.68851,-73.98907,
8/20/2014 0:33,40.74186,-73.9908,
9/25/2014 4:30,40.73751,-73.98761,
9/12/2014 0:15,40.72298,-73.99141,
8/18/2014 20:38,40.76352,-73.91521,
8/17/2014 2:46,40.74163,-73.98983,
9/1/2014 23:58,40.78565,-73.96938,
9/5/2014 19:36,40.73915,-73.79409,
9/1/2014 21:11,40.76762,-73.80579,
9/12/2014 0:35,40.73976,-73.98462,
8/31/2014 3:13,40.76301,-73.96272,
9/28/2014 22:42,40.73559,-73.99491,
9/22/2014 22:34,40.69164,-73.99161,
9/2/2014 0:31,40.72039,-73.98911,
8/29/2014 5:13,40.7184,-73.95709,
9/19/2014 3:26,40.7248,-73.99455,
9/10/2014 23:25,40.79011,-73.9747,
9/3/2014 23:17,40.76786,-73.98221,
9/8/2014 23:30,40.72327,-73.97952,
9/7/2014 22:06,40.75985,-73.99942,
8/21/2014 0:01,40.78775,-73.97522,
8/26/2014 21:13,40.76174,-73.97049,
9/28/2014 23:06,40.71374,-73.99386,
9/23/2014 23:17,40.75735,-73.97817,
9/6/2014 3:10,40.72365,-73.99645,
9/5/2014 1:34,40.74552,-73.99356,
8/17/2014 3:19,40.74278,-73.98275,
9/20/2014 4:03,40.70522,-74.00759,
9/12/2014 3:58,40.74256,-73.98487,
9/2/2014 2:05,40.75033,-73.9946,
8/17/2014 1:07,40.77059,-73.87402,
8/15/2014 1:21,40.7001,-73.92475,
9/28/2014 5:40,40.74633,-73.97768,
9/28/2014 1:53,40.74561,-73.98004,
9/5/2014 2:50,40.71972,-73.98719,
8/31/2014 5:23,40.71764,-73.98602,
8/12/2014 1:10,40.70926,-74.01471,
9/9/2014 0:44,40.79984,-73.96966,
9/25/2014 3:58,40.76031,-74.0029,
9/21/2014 4:34,40.73451,-73.98343,
9/3/2014 2:01,40.74855,-73.99135,
8/29/2014 4:06,40.64043,-73.96806,
9/20/2014 3:36,40.74252,-73.99023,
9/7/2014 2:08,40.73507,-73.99161,
9/12/2014 23:16,40.78636,-73.96866,
9/7/2014 20:44,40.77085,-73.98724,
9/6/2014 5:35,40.71169,-74.00699,
8/26/2014 0:30,40.74205,-74.00446,
9/7/2014 0:02,40.73549,-74.00395,
9/21/2014 23:20,40.79177,-73.96529,
9/9/2014 0:29,40.78856,-73.97823,
9/5/2014 1:14,40.7746,-73.98093,
8/30/2014 22:26,40.76494,-73.95896,
8/10/2014 3:28,40.74238,-73.98384,
9/30/2014 4:42,40.70574,-73.93734,
9/14/2014 1:24,40.70638,-74.00989,
8/25/2014 3:10,40.76125,-73.99325,
8/31/2014 6:05,40.72149,-73.98411,
8/11/2014 22:54,40.75422,-73.98033,
9/29/2014 2:31,40.64589,-73.77671,
9/21/2014 6:37,40.73226,-74.00361,
9/20/2014 3:07,40.73136,-73.99499,
9/15/2014 0:32,40.73271,-73.98574,
8/25/2014 2:05,40.76108,-73.99078,
8/19/2014 2:10,40.75425,-73.99448,
8/10/2014 5:01,40.74716,-73.9852,
9/8/2014 22:25,40.74949,-73.99239,
8/31/2014 1:52,40.67695,-73.95076,
8/31/2014 0:20,40.71737,-73.98981,
9/21/2014 0:52,40.77356,-73.94892,
9/17/2014 2:59,40.76459,-73.91183,
8/31/2014 0:53,40.73871,-73.97376,
8/10/2014 22:32,40.74429,-73.99532,
9/10/2014 21:18,40.75112,-73.98714,
9/6/2014 3:33,40.73875,-73.98835,
8/24/2014 23:00,40.80544,-73.96387,
8/15/2014 21:50,40.75757,-73.97536,
8/11/2014 0:22,40.75994,-73.9914,
8/9/2014 7:06,40.74174,-74.00498,
9/12/2014 5:40,40.72044,-73.9895,
8/28/2014 22:59,40.76166,-73.99621,
9/14/2014 22:17,40.77397,-73.87157,
9/14/2014 3:05,40.77714,-73.98555,
8/20/2014 1:16,40.76487,-73.95677,
8/16/2014 2:21,40.74115,-73.9267,
9/14/2014 0:33,40.73229,-73.98685,
9/11/2014 22:47,40.76029,-73.9794,
8/21/2014 2:20,40.77086,-73.99111,
8/12/2014 4:33,40.76345,-73.97357,
8/9/2014 4:03,40.70224,-74.01215,
9/21/2014 3:39,40.78693,-73.97557,
8/25/2014 23:18,40.76792,-73.92361,
8/22/2014 23:11,40.66076,-73.97947,
8/10/2014 21:43,40.74649,-73.98013,
9/30/2014 2:07,40.76998,-73.99274,
9/13/2014 22:36,40.77376,-73.98975,
9/3/2014 4:07,40.77229,-73.87293,
8/23/2014 5:13,40.71877,-73.98992,
9/8/2014 23:04,40.77247,-73.96689,
9/2/2014 2:29,40.74079,-73.98592,
8/12/2014 2:15,40.70739,-74.00443,
9/30/2014 23:07,40.73284,-73.9776,
8/16/2014 5:35,40.68127,-73.95625,
9/12/2014 2:57,40.77708,-73.9827,
8/16/2014 4:47,40.77493,-73.95396,
9/11/2014 3:19,40.72812,-73.98457,
8/22/2014 4:25,40.73561,-73.9926,
8/15/2014 22:30,40.75518,-73.97725,
8/10/2014 23:31,40.70252,-74.01134,
9/9/2014 3:28,40.64828,-73.78246,
9/27/2014 23:18,40.70485,-73.92836,
9/16/2014 0:37,40.72999,-73.97935,
9/19/2014 3:02,40.73696,-73.98095,
9/13/2014 20:19,40.72686,-73.989,
8/31/2014 3:51,40.72007,-73.95538,
9/6/2014 2:06,40.71899,-73.98925,
9/3/2014 3:16,40.72196,-73.99334,
8/10/2014 4:09,40.72295,-73.99461,
9/6/2014 1:00,40.74637,-73.97995,
9/19/2014 1:39,40.75241,-73.97954,
9/19/2014 0:46,40.75608,-73.97886,
8/21/2014 0:31,40.82008,-73.95483,
8/13/2014 3:27,40.72293,-73.93945,
9/28/2014 3:39,40.7682,-73.91489,
8/21/2014 6:35,40.72712,-73.98571,
8/19/2014 3:56,40.72558,-73.98813,
9/22/2014 4:01,40.6431,-73.78984,
8/26/2014 21:50,40.76119,-73.97134,
9/11/2014 23:27,40.73759,-73.97384,
9/3/2014 0:12,40.7889,-73.972,
9/6/2014 4:34,40.76105,-73.96143,
8/23/2014 4:59,40.72496,-73.98125,
9/2/2014 4:14,40.77623,-73.98226,
8/16/2014 3:01,40.72082,-73.98983,
9/28/2014 0:47,40.72013,-74.01017,
9/17/2014 0:48,40.7905,-73.97573,
9/12/2014 4:21,40.76812,-73.95291,
9/2/2014 1:04,40.79461,-73.97176,
8/17/2014 2:08,40.73189,-73.98355,
9/9/2014 20:21,40.75419,-73.88327,
8/17/2014 1:41,40.72972,-73.95993,
9/5/2014 23:58,40.78346,-73.98011,
8/19/2014 22:50,40.72888,-73.95085,
9/27/2014 2:56,40.73586,-74.00578,
8/31/2014 4:47,40.66744,-73.98747,
8/28/2014 2:43,40.66477,-73.99002,
8/20/2014 22:11,40.78064,-73.95888,
8/14/2014 23:14,40.75221,-73.97344,
9/10/2014 20:55,40.76938,-73.98221,
8/15/2014 0:13,40.71746,-73.99921,
8/16/2014 0:24,40.74848,-73.97613,
9/13/2014 0:03,40.72757,-74.00551,
9/7/2014 4:56,40.76219,-73.99368,
8/9/2014 6:21,40.71743,-73.99907,
9/25/2014 2:31,40.79118,-73.96941,
9/6/2014 21:36,40.78342,-73.95273,
8/16/2014 4:00,40.72713,-73.97973,
8/16/2014 3:45,40.72819,-73.99091,
9/21/2014 3:17,40.7585,-73.96745,
9/18/2014 2:38,40.7778,-73.94853,
9/4/2014 2:32,40.67838,-73.97913,
8/31/2014 2:51,40.71918,-73.98995,
9/26/2014 4:07,40.75775,-73.97553,
8/13/2014 1:06,40.71871,-73.99481,
9/23/2014 3:35,40.78759,-73.98084,
9/13/2014 23:05,40.75129,-73.97358,
9/11/2014 2:13,40.72293,-73.9929,
9/6/2014 3:57,40.77959,-73.98615,
9/3/2014 22:38,40.7565,-73.97237,
9/12/2014 1:03,40.70632,-74.00894,
9/4/2014 4:36,40.70758,-74.00853,
9/17/2014 2:25,40.72229,-73.99315,
8/29/2014 4:37,40.71969,-73.99427,
8/20/2014 0:40,40.76332,-73.91329,
8/9/2014 7:22,40.72935,-74.00101,
9/11/2014 1:25,40.74534,-73.99263,
9/5/2014 21:43,40.7119,-74.00603,
8/29/2014 2:53,40.7665,-73.97068,
9/11/2014 4:10,40.72238,-73.98806,
9/2/2014 3:06,40.77124,-73.98954,
8/23/2014 3:11,40.71993,-73.99199,
8/13/2014 0:31,40.70713,-73.93186,
8/12/2014 22:16,40.74799,-73.94033,
9/30/2014 3:05,40.72954,-73.98104,
9/28/2014 3:12,40.71792,-73.95793,
9/25/2014 23:14,40.78749,-73.95466,
9/6/2014 20:19,40.73733,-74.00646,
9/5/2014 0:24,40.74085,-73.98777,
9/13/2014 4:02,40.76463,-73.96023,
9/4/2014 1:40,40.7469,-74.00801,
8/27/2014 3:53,40.74927,-74.00655,
8/15/2014 21:36,40.74862,-73.98118,
9/24/2014 1:08,40.76481,-73.98786,
9/23/2014 4:16,40.75066,-73.99219,
9/23/2014 0:06,40.65243,-73.92161,
9/13/2014 1:55,40.71863,-73.98885,
9/12/2014 23:31,40.77169,-73.94886,
9/7/2014 3:13,40.73018,-73.98339,
8/21/2014 23:19,40.68573,-73.99111,
8/21/2014 3:11,40.74162,-73.98108,
9/4/2014 1:08,40.77808,-73.97479,
9/2/2014 23:54,40.80585,-73.96471,
9/2/2014 22:00,40.7544,-73.99286,
8/13/2014 22:58,40.74957,-73.9866,
9/14/2014 21:50,40.75737,-73.9696,
9/11/2014 23:43,40.75187,-73.97594,
8/15/2014 23:07,40.73505,-73.99347,
9/13/2014 21:08,40.72951,-74.00225,
8/15/2014 23:50,40.73016,-74.00663,
9/28/2014 4:37,40.75622,-73.96756,
9/27/2014 2:25,40.76765,-73.96289,
9/23/2014 4:50,40.79923,-73.93497,
9/5/2014 0:42,40.75293,-73.98149,
9/4/2014 0:15,40.7675,-73.96442,
9/3/2014 5:24,40.75789,-73.83429,
9/21/2014 3:04,40.7543,-73.96902,
9/9/2014 23:12,40.72829,-73.9988,
9/3/2014 3:42,40.76036,-73.97942,
8/16/2014 0:38,40.76593,-73.95497,
9/27/2014 4:46,40.72221,-73.9868,
9/12/2014 1:55,40.73874,-73.98538,
8/28/2014 3:27,40.72458,-73.99843,
8/21/2014 3:21,40.74718,-73.99148,
8/15/2014 23:34,40.72718,-74.00008,
8/15/2014 4:26,40.73837,-74.00965,
8/12/2014 1:38,40.74974,-74.00642,
9/20/2014 4:24,40.74835,-73.97352,
8/30/2014 0:04,40.77234,-73.97855,
9/24/2014 22:43,40.76148,-73.96987,
9/7/2014 2:26,40.75854,-73.99038,
8/24/2014 22:18,40.76709,-73.91588,
8/19/2014 21:50,40.78942,-73.97559,
8/18/2014 23:13,40.75598,-73.97493,
9/9/2014 21:50,40.75509,-73.9747,
8/19/2014 3:01,40.74161,-74.00715,
8/19/2014 2:46,40.72359,-74.00339,
8/11/2014 22:38,40.74023,-73.9959,
8/19/2014 1:17,40.76708,-73.97976,
9/7/2014 22:39,40.72389,-73.99548,
8/15/2014 1:03,40.71335,-73.96204,
9/28/2014 2:45,40.68685,-73.94536,
9/15/2014 4:01,40.74911,-73.98654,
9/3/2014 1:38,40.78798,-73.97438,
8/10/2014 5:19,40.73202,-73.98403,
9/20/2014 21:46,40.73508,-73.98284,
8/9/2014 5:24,40.75164,-73.99014,
9/30/2014 3:56,40.716,-74.01554,
9/6/2014 19:33,40.75596,-73.96331,
8/21/2014 4:01,40.68475,-73.99178,
8/15/2014 1:50,40.73001,-73.95425,
9/19/2014 0:07,40.73125,-73.99495,
8/20/2014 3:48,40.76865,-73.9853,
8/14/2014 23:45,40.77256,-73.96274,
8/30/2014 5:15,40.74242,-73.98279,
8/20/2014 1:43,40.75869,-73.9756,
9/28/2014 2:20,40.68716,-73.97555,
9/7/2014 2:54,40.73396,-74.00126,
8/16/2014 3:15,40.71608,-74.00758,
8/12/2014 23:38,40.73186,-73.95457,
8/16/2014 4:22,40.7457,-73.95564,
8/30/2014 2:59,40.79607,-73.94902,
9/2/2014 3:54,40.77961,-73.97769,
8/18/2014 23:31,40.74598,-73.97666,
9/13/2014 2:45,40.71875,-73.99578,
9/10/2014 1:22,40.75898,-73.98846,
9/30/2014 1:40,40.74935,-73.98703,
9/9/2014 1:01,40.77112,-73.98208,
9/5/2014 22:14,40.70848,-74.00486,
9/13/2014 3:28,40.76273,-73.98916,
8/11/2014 21:32,40.79571,-73.97089,
8/26/2014 2:11,40.76953,-73.95458,
9/26/2014 3:33,40.73337,-73.99971,
9/26/2014 23:05,40.78969,-73.94213,
9/9/2014 1:36,40.76724,-73.99048,
8/15/2014 2:22,40.75657,-73.92089,
8/10/2014 5:43,40.71422,-73.99738,
9/24/2014 0:07,40.78878,-73.97624,
8/13/2014 1:37,40.74551,-74.00479,
9/29/2014 22:58,40.75559,-73.97145,
9/17/2014 23:05,40.75151,-73.98013,
9/7/2014 5:43,40.76743,-73.9861,
8/12/2014 2:54,40.71153,-73.99431,
9/6/2014 5:08,40.72641,-73.99174,
8/23/2014 4:00,40.74424,-74.00719,
9/14/2014 1:54,40.78269,-73.95099,
9/7/2014 22:57,40.72687,-73.99154,
8/15/2014 4:55,40.7748,-73.9808,
8/10/2014 6:05,40.7519,-73.97657,
9/10/2014 23:57,40.72272,-74.00804,
9/2/2014 3:29,40.72781,-73.9851,
9/1/2014 21:57,40.7502,-73.99091,
8/11/2014 21:02,40.7615,-73.97796,
9/27/2014 5:13,40.72932,-73.98714,
9/7/2014 18:59,40.77312,-73.87055,
9/6/2014 0:30,40.78314,-73.97815,
8/18/2014 22:52,40.75499,-73.97813,
8/9/2014 3:41,40.74021,-73.98219,
9/2/2014 1:46,40.75884,-73.97902,
8/13/2014 23:23,40.75191,-73.97986,
9/12/2014 4:54,40.74564,-73.99473,
8/12/2014 4:51,40.76019,-73.96799,
8/10/2014 4:23,40.72266,-73.98298,
9/17/2014 23:22,40.75722,-73.97584,
8/20/2014 21:43,40.77165,-73.98256,
9/22/2014 1:43,40.74339,-73.99368,
9/18/2014 2:05,40.73568,-74.00975,
8/17/2014 0:39,40.75945,-73.86685,
9/13/2014 1:26,40.71312,-73.9566,
8/29/2014 23:49,40.75359,-73.99154,
9/4/2014 2:59,40.73244,-73.99002,
8/9/2014 4:22,40.7365,-74.00658,
9/29/2014 1:29,40.71942,-73.98589,
8/9/2014 6:51,40.77608,-73.98784,
9/27/2014 3:56,40.76767,-73.95931,
8/13/2014 2:11,40.72298,-74.00683,
9/10/2014 4:11,40.72977,-73.99181,
8/16/2014 1:10,40.69227,-73.96868,
8/15/2014 4:07,40.72967,-74.00207,
9/4/2014 21:01,40.76355,-73.97767,
9/4/2014 22:36,40.71129,-73.95768,
9/30/2014 22:23,40.77038,-73.92516,
8/25/2014 1:39,40.74248,-73.98245,
9/25/2014 5:22,40.71412,-73.95572,
9/7/2014 21:48,40.78396,-73.97829,
9/6/2014 2:48,40.73927,-74.00141,
9/17/2014 3:48,40.77396,-73.87337,
9/13/2014 20:33,40.74186,-73.99014,
8/10/2014 4:43,40.73252,-73.98761,
9/18/2014 3:15,40.74507,-73.99046,
9/5/2014 4:11,40.77673,-73.97748,
8/20/2014 21:11,40.76162,-73.97289,
8/13/2014 0:08,40.71693,-73.95024,
9/24/2014 23:20,40.78989,-73.98,
9/21/2014 4:13,40.74419,-73.98777,
9/17/2014 22:26,40.71587,-74.01308,
8/12/2014 0:58,40.71438,-74.01393,
8/10/2014 6:29,40.69972,-73.98288,
9/20/2014 5:38,40.73661,-73.97889,
9/22/2014 1:10,40.73216,-73.99855,
9/4/2014 22:11,40.71823,-73.98765,
9/4/2014 3:59,40.76447,-73.98108,
8/30/2014 20:53,40.77122,-73.923,
8/10/2014 22:06,40.75169,-74.00768,
9/21/2014 5:05,40.72265,-73.98863,
8/29/2014 3:26,40.74465,-73.98892,
8/20/2014 23:43,40.77746,-73.97879,
9/7/2014 1:13,40.74483,-73.98521,
9/21/2014 0:21,40.73049,-73.98267,
9/6/2014 21:04,40.74891,-73.98847,
8/30/2014 3:50,40.72876,-73.97858,
8/16/2014 6:37,40.69177,-73.94823,
9/25/2014 23:39,40.75714,-73.96695,
9/2/2014 23:25,40.77138,-73.95845,
9/9/2014 0:04,40.73042,-74.00891,
9/7/2014 3:56,40.75739,-73.9834,
8/23/2014 0:50,40.74237,-73.97438,
9/6/2014 23:22,40.72851,-74.00533,
9/2/2014 23:10,40.77848,-73.98148,
8/18/2014 22:22,40.73479,-73.9944,
9/27/2014 3:14,40.71111,-74.01596,
9/6/2014 22:14,40.76736,-73.95672,
8/30/2014 23:36,40.76026,-73.995,
9/27/2014 0:13,40.77834,-73.98134,
9/22/2014 0:16,40.78195,-73.98079,
8/19/2014 0:08,40.79543,-73.93226,
8/16/2014 1:31,40.68508,-73.96722,
8/13/2014 2:57,40.65911,-73.9926,
9/13/2014 4:25,40.72978,-73.98479,
8/30/2014 4:15,40.7274,-73.99148,
9/26/2014 22:04,40.76846,-73.98193,
9/18/2014 23:21,40.73213,-74.00641,
9/22/2014 16:59,40.75515,-73.98679,
9/19/2014 22:40,40.71029,-74.01635,
9/19/2014 2:31,40.73921,-73.99908,
9/18/2014 22:42,40.73026,-73.98612,
9/18/2014 1:28,40.71943,-73.98621,
9/20/2014 0:26,40.7388,-73.98039,
9/18/2014 3:02,40.82542,-73.86775,
9/18/2014 22:23,40.74178,-73.98375,
9/18/2014 23:00,40.74276,-73.98467,
9/19/2014 23:08,40.72609,-74.00164,
9/20/2014 3:14,40.7445,-73.99123,
9/22/2014 18:22,40.66031,-73.98044,
9/17/2014 23:26,40.7198,-73.98429,
9/22/2014 17:39,40.77407,-73.87271,
9/19/2014 23:58,40.69182,-73.99992,
9/19/2014 3:03,40.73986,-73.98666,
8/9/2014 0:19,40.75027,-73.97533,
8/30/2014 2:45,40.71814,-73.9582,
8/10/2014 8:04,40.7531,-73.9734,
8/10/2014 4:45,40.68539,-73.93831,
8/9/2014 20:33,40.7412,-73.98287,
8/10/2014 5:49,40.68223,-73.9667,
8/9/2014 21:08,40.74121,-73.98879,
8/30/2014 3:08,40.75737,-73.9667,
8/31/2014 19:37,40.725,-73.99934,
8/19/2014 21:10,40.7477,-73.98509,
8/12/2014 21:49,40.75501,-73.97136,
8/18/2014 22:33,40.76071,-73.97985,
8/15/2014 21:06,40.76825,-73.95297,
9/14/2014 5:00,40.72989,-73.98678,
8/12/2014 3:35,40.68042,-73.95008,
8/31/2014 21:14,40.76808,-73.98399,
8/8/2014 21:16,40.80919,-73.94906,
8/30/2014 3:59,40.74838,-74.00378,
8/9/2014 19:40,40.73492,-73.97963,
8/9/2014 21:21,40.74473,-73.98359,
8/18/2014 22:01,40.74853,-73.98079,
8/12/2014 2:09,40.71013,-73.95844,
8/8/2014 23:16,40.75106,-73.99057,
8/30/2014 4:16,40.72949,-73.98995,
8/10/2014 3:53,40.72462,-73.99858,
8/29/2014 2:42,40.74204,-73.98102,
8/21/2014 2:43,40.73839,-73.98209,
8/18/2014 23:00,40.74499,-73.98276,
8/9/2014 23:23,40.74103,-73.98044,
8/10/2014 2:36,40.72986,-73.99952,
8/10/2014 1:00,40.74015,-73.99466,
8/12/2014 23:12,40.76076,-73.97346,
8/9/2014 0:37,40.76245,-73.98258,
8/22/2014 21:54,40.74379,-73.98519,
8/9/2014 22:55,40.72865,-73.98032,
8/10/2014 2:55,40.7354,-73.98808,
8/9/2014 3:27,40.75198,-73.97141,
8/10/2014 6:46,40.74027,-74.00512,
8/10/2014 0:44,40.7454,-73.98517,
8/14/2014 2:53,40.74412,-73.9836,
8/14/2014 23:03,40.744,-73.98568,
8/12/2014 1:53,40.72463,-73.99859,
8/8/2014 22:53,40.72909,-73.98702,
8/15/2014 20:30,40.74652,-73.98173,
8/10/2014 4:34,40.70575,-73.95026,
8/9/2014 21:47,40.77077,-73.96825,
8/9/2014 3:55,40.73731,-73.99265,
8/8/2014 20:23,40.73791,-73.99221,
8/12/2014 2:38,40.74064,-73.99784,
8/10/2014 3:10,40.74907,-73.9757,
8/10/2014 7:09,40.73353,-73.9875,
8/30/2014 3:28,40.76739,-73.95291,
8/23/2014 2:59,40.73084,-74.00674,
8/14/2014 20:56,40.74876,-73.98967,
8/12/2014 23:33,40.76319,-73.9717,
8/8/2014 23:43,40.74432,-73.99177,
8/20/2014 22:17,40.74115,-73.98557,
8/9/2014 22:40,40.73458,-73.98812,
8/12/2014 3:11,40.6873,-73.94769,
8/30/2014 1:58,40.79319,-73.92267,
8/9/2014 23:12,40.7345,-73.99016,
8/12/2014 3:19,40.68768,-73.95089,
8/31/2014 19:55,40.74336,-73.98412,
8/10/2014 0:30,40.73974,-73.97962,
8/10/2014 4:08,40.72257,-73.98695,
8/9/2014 20:19,40.74788,-73.98496,
8/19/2014 2:53,40.73452,-73.99227,
8/10/2014 7:27,40.75015,-74.00245,
8/31/2014 20:36,40.78406,-73.97837,
8/10/2014 3:27,40.74612,-73.99454,
8/8/2014 21:43,40.75875,-73.96399,
8/12/2014 6:04,40.74148,-73.99705,
8/10/2014 7:24,40.75388,-73.99716,
9/12/2014 15:32,40.6798,-73.96816,
9/11/2014 14:33,40.68645,-73.99273,
8/28/2014 0:51,40.68239,-73.97355,
8/28/2014 22:13,40.71461,-73.93809,
8/14/2014 7:22,40.70558,-73.95024,
8/14/2014 0:28,40.67797,-73.97604,
8/13/2014 2:10,40.69444,-73.99394,
8/30/2014 23:04,40.67391,-73.97397,
9/25/2014 12:46,40.73237,-73.98782,
8/29/2014 2:13,40.74059,-74.00559,
8/31/2014 0:12,40.68736,-73.97971,
9/7/2014 0:42,40.72377,-73.95156,
9/6/2014 13:28,40.72557,-73.98098,
8/30/2014 20:52,40.75449,-73.99169,
8/29/2014 4:40,40.68351,-73.96713,
9/1/2014 1:36,40.67202,-73.98086,
8/31/2014 1:53,40.66827,-73.95263,
8/13/2014 5:25,40.69019,-73.99659,
9/1/2014 2:25,40.74303,-74.00013,
9/6/2014 16:27,40.74011,-73.98053,
9/2/2014 3:51,40.71343,-73.95813,
8/30/2014 18:39,40.72117,-73.95635,
8/17/2014 3:27,40.69565,-73.99293,
9/13/2014 0:52,40.7022,-73.98865,
8/31/2014 0:44,40.68166,-73.96716,
8/17/2014 2:29,40.69355,-73.98322,
9/4/2014 17:47,40.67189,-73.92262,
9/6/2014 18:18,40.67249,-73.96513,
8/30/2014 5:57,40.73051,-73.98626,
8/29/2014 5:03,40.72449,-73.98183,
9/24/2014 12:08,40.68045,-73.94975,
9/1/2014 19:22,40.77393,-73.87242,
9/6/2014 13:11,40.72611,-73.99656,
9/6/2014 18:10,40.67717,-73.97118,
8/30/2014 20:11,40.72255,-73.9972,
8/14/2014 12:05,40.69608,-73.96468,
8/31/2014 3:30,40.67397,-73.99107,
8/13/2014 14:06,40.67811,-73.96182,
8/30/2014 19:52,40.75491,-73.97216,
8/28/2014 21:44,40.67926,-73.96746,
9/3/2014 21:18,40.6851,-73.95427,
8/31/2014 3:48,40.68249,-73.97056,
8/31/2014 6:03,40.72853,-73.98573,
8/29/2014 18:56,40.71457,-73.95924,
8/13/2014 4:20,40.69389,-73.96071,
9/6/2014 22:32,40.67167,-73.98583,
8/20/2014 22:14,40.66944,-73.96184,
8/14/2014 2:38,40.6879,-73.98119,
9/4/2014 3:01,40.72895,-73.9978,
8/14/2014 1:11,40.69376,-73.96314,
9/4/2014 2:49,40.74158,-74.00701,
9/7/2014 22:41,40.73203,-73.99655,
8/14/2014 3:30,40.68428,-73.96716,
9/6/2014 22:01,40.67803,-74.01424,
9/7/2014 1:06,40.67766,-73.96358,
9/24/2014 13:07,40.72989,-73.97918,
8/17/2014 4:28,40.68494,-73.95638,
8/14/2014 3:55,40.71335,-73.95854,
8/13/2014 1:30,40.7363,-73.9799,
8/31/2014 22:47,40.69541,-73.99606,
8/15/2014 2:23,40.67756,-73.9468,
9/3/2014 11:31,40.73882,-73.98311,
8/31/2014 1:11,40.70988,-73.93981,
8/14/2014 10:54,40.68807,-73.95527,
8/31/2014 2:52,40.74903,-73.99368,
9/11/2014 22:08,40.67592,-73.93296,
9/7/2014 13:19,40.67649,-73.9716,
8/15/2014 5:57,40.70761,-73.95368,
8/14/2014 4:07,40.71151,-73.96243,
8/30/2014 7:20,40.72154,-73.95838,
8/29/2014 6:30,40.75923,-73.98821,
8/30/2014 2:54,40.68471,-73.9918,
9/3/2014 18:51,40.67127,-73.96251,
9/4/2014 21:51,40.68237,-73.94372,
8/30/2014 20:29,40.73342,-73.98691,
9/7/2014 14:30,40.68821,-73.97153,
8/27/2014 21:49,40.68974,-73.97459,
9/6/2014 13:50,40.69205,-73.99076,
8/29/2014 0:58,40.66038,-73.96272,
8/14/2014 2:19,40.67075,-73.9532,
8/30/2014 3:21,40.66007,-73.98749,
8/30/2014 6:32,40.70957,-73.96647,
8/14/2014 7:03,40.69938,-73.91394,
9/5/2014 10:52,40.67371,-73.94789,
9/7/2014 15:00,40.7252,-73.9969,
9/1/2014 21:30,40.68434,-73.9668,
8/16/2014 2:37,40.66036,-73.90221,
8/14/2014 19:28,40.68106,-73.93025,
9/6/2014 3:39,40.69637,-73.92767,
9/12/2014 12:31,40.6742,-73.97682,
9/28/2014 4:06,40.70327,-73.93237,
9/27/2014 23:29,40.68921,-73.95134,
9/25/2014 18:01,40.67213,-73.92655,
8/14/2014 20:29,40.67753,-73.88672,
8/17/2014 6:06,40.66144,-73.86781,
9/29/2014 12:54,40.659,-73.98349,
9/6/2014 3:06,40.64599,-73.97489,
8/14/2014 21:30,40.66543,-73.92039,
8/16/2014 9:20,40.67627,-73.90984,
9/13/2014 4:26,40.68398,-73.97748,
9/22/2014 20:06,40.67092,-73.92055,
8/27/2014 15:36,40.64186,-73.94602,
8/24/2014 2:57,40.6786,-73.99737,
8/15/2014 23:42,40.68307,-74.00169,
8/22/2014 0:36,40.65403,-73.95184,
8/23/2014 5:11,40.68989,-73.96817,
8/19/2014 15:25,40.66183,-73.88725,
8/17/2014 21:03,40.68358,-73.88598,
9/8/2014 12:40,40.64322,-73.97844,
8/21/2014 1:08,40.68034,-73.86852,
8/13/2014 16:40,40.64453,-73.90575,
8/23/2014 23:47,40.6624,-73.88058,
8/20/2014 21:41,40.64203,-73.95443,
8/17/2014 5:14,40.67281,-73.86648,
8/14/2014 18:40,40.64076,-73.94948,
9/28/2014 3:06,40.68438,-73.91067,
9/8/2014 13:34,40.64168,-73.96956,
9/30/2014 21:18,40.65948,-73.9377,
9/5/2014 14:25,40.69239,-73.97072,
9/18/2014 14:22,40.67336,-73.98637,
8/14/2014 17:58,40.66864,-73.93211,
8/14/2014 18:58,40.65905,-73.92693,
8/16/2014 0:17,40.65925,-73.99146,
9/26/2014 19:55,40.68029,-73.98411,
9/7/2014 4:56,40.70562,-73.92262,
9/24/2014 13:09,40.63379,-73.97201,
9/12/2014 16:14,40.68138,-73.97677,
9/6/2014 18:05,40.69102,-73.95446,
9/9/2014 20:54,40.64588,-73.90116,
8/23/2014 21:25,40.67878,-73.86654,
9/27/2014 5:10,40.7211,-73.99427,
9/12/2014 13:47,40.68294,-73.95882,
9/6/2014 5:56,40.67773,-73.96021,
9/7/2014 4:02,40.6639,-73.93437,
9/13/2014 2:34,40.676,-73.95637,
9/23/2014 21:08,40.67655,-73.87662,
9/10/2014 14:28,40.6688,-73.98661,
8/27/2014 16:49,40.65832,-73.88827,
8/24/2014 2:36,40.65404,-73.95619,
9/13/2014 3:08,40.67908,-73.99746,
9/4/2014 13:34,40.68091,-73.97967,
8/23/2014 20:13,40.67213,-73.98891,
8/17/2014 4:33,40.67324,-73.92217,
9/26/2014 22:16,40.75364,-73.97445,
8/23/2014 5:34,40.68465,-73.92508,
9/10/2014 12:30,40.66121,-73.98302,
9/12/2014 19:58,40.61086,-73.97343,
9/4/2014 21:08,40.66098,-73.87628,
9/28/2014 4:23,40.7009,-73.93469,
9/27/2014 22:00,40.66328,-73.9359,
9/28/2014 5:52,40.7142,-73.94795,
8/16/2014 6:08,40.64148,-73.96448,
8/13/2014 21:16,40.64807,-73.97132,
9/28/2014 7:29,40.76084,-73.96416,
9/27/2014 5:44,40.68181,-73.94975,
8/22/2014 21:44,40.63332,-73.97171,
9/13/2014 5:10,40.6727,-73.95873,
9/4/2014 15:43,40.66525,-73.98295,
8/16/2014 3:41,40.64232,-73.8927,
9/12/2014 13:15,40.67786,-73.95899,
9/22/2014 23:07,40.74593,-73.97989,
8/21/2014 17:14,40.64535,-73.97777,
9/25/2014 0:06,40.65369,-73.97303,
9/25/2014 21:05,40.68218,-73.97398,
9/6/2014 18:15,40.69163,-73.9588,
8/17/2014 2:21,40.63356,-73.94,
9/10/2014 19:56,40.66404,-73.9844,
9/8/2014 12:17,40.66812,-73.99069,
9/9/2014 21:35,40.66558,-73.9569,
8/13/2014 18:35,40.66844,-73.97778,
8/16/2014 4:57,40.66344,-73.88947,
8/15/2014 2:32,40.64229,-73.91084,
9/8/2014 14:41,40.67697,-73.98008,
9/4/2014 20:55,40.66773,-73.87261,
8/14/2014 0:28,40.6408,-73.9748,
9/6/2014 18:35,40.70051,-73.94371,
9/27/2014 3:56,40.64402,-73.94496,
8/17/2014 4:56,40.68134,-73.91145,
9/27/2014 23:56,40.71303,-73.95747,
9/13/2014 2:21,40.66775,-73.95764,
8/16/2014 8:40,40.67184,-73.96896,
9/11/2014 12:23,40.67454,-73.98164,
9/6/2014 7:01,40.67884,-73.9826,
8/22/2014 20:52,40.64831,-73.96482,
8/7/2014 21:56,40.73022,-74.00282,
8/15/2014 5:03,40.71616,-73.95738,
8/13/2014 0:38,40.71623,-74.01288,
8/15/2014 2:21,40.73546,-73.97515,
8/12/2014 23:27,40.72318,-73.98418,
8/11/2014 18:19,40.74606,-73.98862,
8/9/2014 0:05,40.74923,-73.97673,
8/13/2014 22:27,40.75386,-73.98161,
8/7/2014 19:02,40.73768,-74.00567,
8/17/2014 8:17,40.72742,-73.98303,
8/18/2014 19:01,40.72383,-74.00476,
8/15/2014 0:43,40.73688,-73.98249,
8/8/2014 23:33,40.71852,-74.00537,
8/20/2014 22:33,40.74284,-73.97426,
8/19/2014 21:20,40.73349,-73.98101,
8/28/2014 0:33,40.73397,-73.98879,
8/10/2014 4:15,40.71375,-73.99867,
8/15/2014 1:23,40.76519,-73.99491,
8/20/2014 23:46,40.72263,-74.00027,
8/15/2014 3:08,40.72011,-74.01061,
8/17/2014 0:20,40.71444,-74.00827,
8/20/2014 22:06,40.72409,-74.00457,
8/11/2014 21:50,40.74177,-74.00709,
8/14/2014 0:05,40.72364,-74.00358,
8/17/2014 6:53,40.74355,-74.00352,
8/17/2014 6:01,40.72382,-73.98806,
8/19/2014 22:51,40.72015,-73.96191,
8/11/2014 19:15,40.71695,-74.00251,
8/19/2014 23:05,40.71076,-73.95303,
8/7/2014 23:22,40.75545,-73.98558,
8/13/2014 3:25,40.69009,-73.93647,
8/7/2014 22:33,40.72038,-73.9882,
8/17/2014 4:32,40.7154,-73.99639,
8/17/2014 3:03,40.7091,-74.01712,
8/7/2014 21:00,40.79413,-73.97224,
8/7/2014 20:23,40.72711,-74.00709,
8/19/2014 20:46,40.71833,-73.99972,
8/17/2014 5:07,40.75878,-73.96567,
8/7/2014 23:39,40.76262,-73.98217,
8/18/2014 19:36,40.73382,-73.99057,
8/12/2014 22:43,40.7401,-73.98616,
8/12/2014 22:25,40.74176,-73.99008,
8/10/2014 2:55,40.69788,-73.93555,
8/27/2014 21:03,40.6808,-73.95413,
8/19/2014 1:35,40.74835,-73.99261,
8/17/2014 0:42,40.72882,-73.99007,
8/11/2014 21:01,40.71517,-74.00214,
8/18/2014 21:46,40.74716,-73.99334,
8/11/2014 20:18,40.75615,-73.97189,
8/10/2014 0:02,40.72999,-73.99922,
8/11/2014 23:50,40.75722,-73.97817,
8/15/2014 0:04,40.7131,-74.00719,
8/11/2014 19:41,40.71923,-73.99984,
8/20/2014 21:13,40.75104,-73.97131,
8/10/2014 1:20,40.70609,-74.01305,
8/22/2014 20:58,40.72408,-74.00943,
8/20/2014 20:34,40.75523,-73.96521,
8/8/2014 1:05,40.72212,-74.00402,
8/19/2014 1:02,40.6867,-73.99048,
8/12/2014 20:12,40.71773,-73.9645,
8/30/2014 0:07,40.72643,-74.00033,
8/9/2014 1:02,40.74166,-74.00488,
8/15/2014 4:06,40.72481,-74.00171,
8/15/2014 2:06,40.75558,-73.96801,
8/10/2014 2:43,40.7065,-73.92175,
8/18/2014 23:18,40.69572,-73.98431,
8/13/2014 23:15,40.7436,-73.97704,
8/7/2014 19:41,40.75247,-73.98582,
8/22/2014 21:35,40.75024,-73.98116,
8/17/2014 6:35,40.76615,-73.98362,
8/8/2014 2:32,40.71935,-73.97701,
8/14/2014 23:39,40.71602,-74.00439,
8/15/2014 2:50,40.73856,-73.99376,
8/12/2014 23:11,40.72104,-73.99612,
8/20/2014 23:28,40.71426,-74.00844,
8/10/2014 4:50,40.71527,-74.0055,
8/22/2014 21:52,40.73335,-73.98735,
8/28/2014 3:48,40.7074,-74.0072,
8/18/2014 19:18,40.72369,-73.9965,
8/10/2014 2:04,40.71627,-74.01328,
8/18/2014 22:44,40.71786,-73.9753,
8/17/2014 3:56,40.72614,-74.00152,
8/17/2014 5:32,40.72624,-73.99869,
8/8/2014 23:49,40.73869,-74.00355,
8/11/2014 23:26,40.78673,-73.94218,
8/11/2014 21:36,40.75514,-73.98691,
8/18/2014 21:25,40.75892,-73.98113,
8/19/2014 19:46,40.71841,-74.00277,